{
  "both": {
    "Location": {}
  },
  "baseline": {
    "TargetType": {},
    "MaxTargetsPerOrgan": {
      "limit": 2
    },
    "MaxTargets": {
      "limit": 5
    },
    "MeasurementsLength": [
      {
        "longAxis": 10,
        "longAxisSliceThicknessMultiplier": 2,
        "modalityIn": ["CT", "MR"],
        "locationNotIn": ["Lymph Node"],
        "message": "Extranodal lesions must be >= 10mm long axis AND >= double the acquisition slice thickness by CT and MR"
      },
      {
        "shortAxis": 20,
        "longAxis": 20,
        "modalityIn": ["PX", "XA"],
        "locationNotIn": ["Lymph Node"],
        "message": "Extranodal lesions must be >= 20mm on chest x-ray (although x-rays rarely used for clinical trial assessment)"
      },
      {
        "shortAxis": 15,
        "shortAxisSliceThicknessMultiplier": 2,
        "modalityIn": ["CT", "MR"],
        "locationIn": ["Lymph Node"],
        "message": "Nodal lesions must be >= 15mm short axis AND >= double the acquisition slice thickness by CT and MR"
      }
    ]
  },
  "followup": {}
}
